pulled_on,video_id,ratio,watch_ratio
2026-10-08,kgd7ZQrcyKg,0.01,1.3
2026-10-08,kgd7ZQrcyKg,0.02,1.3
2026-10-08,kgd7ZQrcyKg,0.03,1.15
2026-10-08,kgd7ZQrcyKg,0.04,1.15
2026-10-08,kgd7ZQrcyKg,0.05,1.15
2026-10-08,kgd7ZQrcyKg,0.06,1.15
2026-10-08,kgd7ZQrcyKg,0.07,1.15
2026-10-08,kgd7ZQrcyKg,0.08,1.1
2026-10-08,kgd7ZQrcyKg,0.09,1.1
2026-10-08,kgd7ZQrcyKg,0.1,1.1
2026-10-08,kgd7ZQrcyKg,0.11,1.1
2026-10-08,kgd7ZQrcyKg,0.12,1.0
2026-10-08,kgd7ZQrcyKg,0.13,0.9
2026-10-08,kgd7ZQrcyKg,0.14,0.8
2026-10-08,kgd7ZQrcyKg,0.15,0.7
2026-10-08,kgd7ZQrcyKg,0.16,0.7
2026-10-08,kgd7ZQrcyKg,0.17,0.7
2026-10-08,kgd7ZQrcyKg,0.18,0.6
2026-10-08,kgd7ZQrcyKg,0.19,0.6
2026-10-08,kgd7ZQrcyKg,0.2,0.6
2026-10-08,kgd7ZQrcyKg,0.21,0.6
2026-10-08,kgd7ZQrcyKg,0.22,0.6
2026-10-08,kgd7ZQrcyKg,0.23,0.6
2026-10-08,kgd7ZQrcyKg,0.24,0.6
2026-10-08,kgd7ZQrcyKg,0.25,0.6
2026-10-08,kgd7ZQrcyKg,0.26,0.6
2026-10-08,kgd7ZQrcyKg,0.27,0.6
2026-10-08,kgd7ZQrcyKg,0.28,0.6
2026-10-08,kgd7ZQrcyKg,0.29,0.6
2026-10-08,kgd7ZQrcyKg,0.3,0.6
2026-10-08,kgd7ZQrcyKg,0.31,0.55
2026-10-08,kgd7ZQrcyKg,0.32,0.55
2026-10-08,kgd7ZQrcyKg,0.33,0.5
2026-10-08,kgd7ZQrcyKg,0.34,0.5
2026-10-08,kgd7ZQrcyKg,0.35,0.5
2026-10-08,kgd7ZQrcyKg,0.36,0.5
2026-10-08,kgd7ZQrcyKg,0.37,0.5
2026-10-08,kgd7ZQrcyKg,0.38,0.5
2026-10-08,kgd7ZQrcyKg,0.39,0.5
2026-10-08,kgd7ZQrcyKg,0.4,0.5
2026-10-08,kgd7ZQrcyKg,0.41,0.5
2026-10-08,kgd7ZQrcyKg,0.42,0.45
2026-10-08,kgd7ZQrcyKg,0.43,0.45
2026-10-08,kgd7ZQrcyKg,0.44,0.45
2026-10-08,kgd7ZQrcyKg,0.45,0.45
2026-10-08,kgd7ZQrcyKg,0.46,0.45
2026-10-08,kgd7ZQrcyKg,0.47,0.45
2026-10-08,kgd7ZQrcyKg,0.48,0.45
2026-10-08,kgd7ZQrcyKg,0.49,0.4
2026-10-08,kgd7ZQrcyKg,0.5,0.35
2026-10-08,kgd7ZQrcyKg,0.51,0.35
2026-10-08,kgd7ZQrcyKg,0.52,0.35
2026-10-08,kgd7ZQrcyKg,0.53,0.35
2026-10-08,kgd7ZQrcyKg,0.54,0.35
2026-10-08,kgd7ZQrcyKg,0.55,0.35
2026-10-08,kgd7ZQrcyKg,0.56,0.35
2026-10-08,kgd7ZQrcyKg,0.57,0.35
2026-10-08,kgd7ZQrcyKg,0.58,0.35
2026-10-08,kgd7ZQrcyKg,0.59,0.35
2026-10-08,kgd7ZQrcyKg,0.6,0.35
2026-10-08,kgd7ZQrcyKg,0.61,0.35
2026-10-08,kgd7ZQrcyKg,0.62,0.35
2026-10-08,kgd7ZQrcyKg,0.63,0.35
2026-10-08,kgd7ZQrcyKg,0.64,0.35
2026-10-08,kgd7ZQrcyKg,0.65,0.35
2026-10-08,kgd7ZQrcyKg,0.66,0.35
2026-10-08,kgd7ZQrcyKg,0.67,0.35
2026-10-08,kgd7ZQrcyKg,0.68,0.35
2026-10-08,kgd7ZQrcyKg,0.69,0.35
2026-10-08,kgd7ZQrcyKg,0.7,0.35
2026-10-08,kgd7ZQrcyKg,0.71,0.35
2026-10-08,kgd7ZQrcyKg,0.72,0.35
2026-10-08,kgd7ZQrcyKg,0.73,0.35
2026-10-08,kgd7ZQrcyKg,0.74,0.35
2026-10-08,kgd7ZQrcyKg,0.75,0.35
2026-10-08,kgd7ZQrcyKg,0.76,0.35
2026-10-08,kgd7ZQrcyKg,0.77,0.35
2026-10-08,kgd7ZQrcyKg,0.78,0.35
2026-10-08,kgd7ZQrcyKg,0.79,0.35
2026-10-08,kgd7ZQrcyKg,0.8,0.35
2026-10-08,kgd7ZQrcyKg,0.81,0.35
2026-10-08,kgd7ZQrcyKg,0.82,0.35
2026-10-08,kgd7ZQrcyKg,0.83,0.35
2026-10-08,kgd7ZQrcyKg,0.84,0.35
2026-10-08,kgd7ZQrcyKg,0.85,0.35
2026-10-08,kgd7ZQrcyKg,0.86,0.3
2026-10-08,kgd7ZQrcyKg,0.87,0.3
2026-10-08,kgd7ZQrcyKg,0.88,0.3
2026-10-08,kgd7ZQrcyKg,0.89,0.3
2026-10-08,kgd7ZQrcyKg,0.9,0.25
2026-10-08,kgd7ZQrcyKg,0.91,0.25
2026-10-08,kgd7ZQrcyKg,0.92,0.25
2026-10-08,kgd7ZQrcyKg,0.93,0.2
2026-10-08,kgd7ZQrcyKg,0.94,0.15
2026-10-08,kgd7ZQrcyKg,0.95,0.15
2026-10-08,kgd7ZQrcyKg,0.96,0.15
2026-10-08,kgd7ZQrcyKg,0.97,0.15
2026-10-08,kgd7ZQrcyKg,0.98,0.15
2026-10-08,kgd7ZQrcyKg,0.99,0.15
2026-10-08,kgd7ZQrcyKg,1.0,0.15
2026-10-08,9kAZeqZ7hMY,0.01,1.8571
2026-10-08,9kAZeqZ7hMY,0.02,1.8571
2026-10-08,9kAZeqZ7hMY,0.03,1.8571
2026-10-08,9kAZeqZ7hMY,0.04,1.8571
2026-10-08,9kAZeqZ7hMY,0.05,1.8571
2026-10-08,9kAZeqZ7hMY,0.06,1.8571
2026-10-08,9kAZeqZ7hMY,0.07,1.8214
2026-10-08,9kAZeqZ7hMY,0.08,1.8214
2026-10-08,9kAZeqZ7hMY,0.09,1.7857
2026-10-08,9kAZeqZ7hMY,0.1,1.75
2026-10-08,9kAZeqZ7hMY,0.11,1.75
2026-10-08,9kAZeqZ7hMY,0.12,1.75
2026-10-08,9kAZeqZ7hMY,0.13,1.7143
2026-10-08,9kAZeqZ7hMY,0.14,1.6786
2026-10-08,9kAZeqZ7hMY,0.15,1.6429
2026-10-08,9kAZeqZ7hMY,0.16,1.6429
2026-10-08,9kAZeqZ7hMY,0.17,1.6071
2026-10-08,9kAZeqZ7hMY,0.18,1.6071
2026-10-08,9kAZeqZ7hMY,0.19,1.6071
2026-10-08,9kAZeqZ7hMY,0.2,1.6071
2026-10-08,9kAZeqZ7hMY,0.21,1.6071
2026-10-08,9kAZeqZ7hMY,0.22,1.6071
2026-10-08,9kAZeqZ7hMY,0.23,1.6071
2026-10-08,9kAZeqZ7hMY,0.24,1.6071
2026-10-08,9kAZeqZ7hMY,0.25,1.6071
2026-10-08,9kAZeqZ7hMY,0.26,1.6071
2026-10-08,9kAZeqZ7hMY,0.27,1.5714
2026-10-08,9kAZeqZ7hMY,0.28,1.5357
2026-10-08,9kAZeqZ7hMY,0.29,1.5357
2026-10-08,9kAZeqZ7hMY,0.3,1.5357
2026-10-08,9kAZeqZ7hMY,0.31,1.5357
2026-10-08,9kAZeqZ7hMY,0.32,1.5357
2026-10-08,9kAZeqZ7hMY,0.33,1.5357
2026-10-08,9kAZeqZ7hMY,0.34,1.5
2026-10-08,9kAZeqZ7hMY,0.35,1.4643
2026-10-08,9kAZeqZ7hMY,0.36,1.4643
2026-10-08,9kAZeqZ7hMY,0.37,1.4643
2026-10-08,9kAZeqZ7hMY,0.38,1.4286
2026-10-08,9kAZeqZ7hMY,0.39,1.3929
2026-10-08,9kAZeqZ7hMY,0.4,1.3929
2026-10-08,9kAZeqZ7hMY,0.41,1.3929
2026-10-08,9kAZeqZ7hMY,0.42,1.3571
2026-10-08,9kAZeqZ7hMY,0.43,1.3929
2026-10-08,9kAZeqZ7hMY,0.44,1.3929
2026-10-08,9kAZeqZ7hMY,0.45,1.3214
2026-10-08,9kAZeqZ7hMY,0.46,1.3214
2026-10-08,9kAZeqZ7hMY,0.47,1.2857
2026-10-08,9kAZeqZ7hMY,0.48,1.2857
2026-10-08,9kAZeqZ7hMY,0.49,1.2857
2026-10-08,9kAZeqZ7hMY,0.5,1.25
2026-10-08,9kAZeqZ7hMY,0.51,1.25
2026-10-08,9kAZeqZ7hMY,0.52,1.25
2026-10-08,9kAZeqZ7hMY,0.53,1.25
2026-10-08,9kAZeqZ7hMY,0.54,1.25
2026-10-08,9kAZeqZ7hMY,0.55,1.25
2026-10-08,9kAZeqZ7hMY,0.56,1.25
2026-10-08,9kAZeqZ7hMY,0.57,1.25
2026-10-08,9kAZeqZ7hMY,0.58,1.2143
2026-10-08,9kAZeqZ7hMY,0.59,1.2143
2026-10-08,9kAZeqZ7hMY,0.6,1.1786
2026-10-08,9kAZeqZ7hMY,0.61,1.1786
2026-10-08,9kAZeqZ7hMY,0.62,1.1429
2026-10-08,9kAZeqZ7hMY,0.63,1.1786
2026-10-08,9kAZeqZ7hMY,0.64,1.1786
2026-10-08,9kAZeqZ7hMY,0.65,1.1786
2026-10-08,9kAZeqZ7hMY,0.66,1.1786
2026-10-08,9kAZeqZ7hMY,0.67,1.1786
2026-10-08,9kAZeqZ7hMY,0.68,1.2143
2026-10-08,9kAZeqZ7hMY,0.69,1.1786
2026-10-08,9kAZeqZ7hMY,0.7,1.1786
2026-10-08,9kAZeqZ7hMY,0.71,1.1786
2026-10-08,9kAZeqZ7hMY,0.72,1.1429
2026-10-08,9kAZeqZ7hMY,0.73,1.1429
2026-10-08,9kAZeqZ7hMY,0.74,1.1429
2026-10-08,9kAZeqZ7hMY,0.75,1.1429
2026-10-08,9kAZeqZ7hMY,0.76,1.1429
2026-10-08,9kAZeqZ7hMY,0.77,1.1429
2026-10-08,9kAZeqZ7hMY,0.78,1.1429
2026-10-08,9kAZeqZ7hMY,0.79,1.1429
2026-10-08,9kAZeqZ7hMY,0.8,1.1429
2026-10-08,9kAZeqZ7hMY,0.81,1.1429
2026-10-08,9kAZeqZ7hMY,0.82,1.1071
2026-10-08,9kAZeqZ7hMY,0.83,1.1071
2026-10-08,9kAZeqZ7hMY,0.84,1.1071
2026-10-08,9kAZeqZ7hMY,0.85,1.0714
2026-10-08,9kAZeqZ7hMY,0.86,1.0357
2026-10-08,9kAZeqZ7hMY,0.87,1.0
2026-10-08,9kAZeqZ7hMY,0.88,1.0
2026-10-08,9kAZeqZ7hMY,0.89,0.9643
2026-10-08,9kAZeqZ7hMY,0.9,0.9643
2026-10-08,9kAZeqZ7hMY,0.91,0.9643
2026-10-08,9kAZeqZ7hMY,0.92,0.9643
2026-10-08,9kAZeqZ7hMY,0.93,0.9643
2026-10-08,9kAZeqZ7hMY,0.94,0.9643
2026-10-08,9kAZeqZ7hMY,0.95,0.9286
2026-10-08,9kAZeqZ7hMY,0.96,0.9286
2026-10-08,9kAZeqZ7hMY,0.97,0.9286
2026-10-08,9kAZeqZ7hMY,0.98,0.8929
2026-10-08,9kAZeqZ7hMY,0.99,0.8929
2026-10-08,9kAZeqZ7hMY,1.0,0.8929
2026-10-08,ULE9xPbfKUM,0.01,2.0
2026-10-08,ULE9xPbfKUM,0.02,2.0
2026-10-08,ULE9xPbfKUM,0.03,2.0
2026-10-08,ULE9xPbfKUM,0.04,2.0
2026-10-08,ULE9xPbfKUM,0.05,2.0
2026-10-08,ULE9xPbfKUM,0.06,2.0
2026-10-08,ULE9xPbfKUM,0.07,2.0
2026-10-08,ULE9xPbfKUM,0.08,1.9286
2026-10-08,ULE9xPbfKUM,0.09,1.8571
2026-10-08,ULE9xPbfKUM,0.1,1.8571
2026-10-08,ULE9xPbfKUM,0.11,1.8571
2026-10-08,ULE9xPbfKUM,0.12,1.8571
2026-10-08,ULE9xPbfKUM,0.13,1.8571
2026-10-08,ULE9xPbfKUM,0.14,1.8571
2026-10-08,ULE9xPbfKUM,0.15,1.7857
2026-10-08,ULE9xPbfKUM,0.16,1.7857
2026-10-08,ULE9xPbfKUM,0.17,1.7857
2026-10-08,ULE9xPbfKUM,0.18,1.7857
2026-10-08,ULE9xPbfKUM,0.19,1.7857
2026-10-08,ULE9xPbfKUM,0.2,1.7857
2026-10-08,ULE9xPbfKUM,0.21,1.7857
2026-10-08,ULE9xPbfKUM,0.22,1.7857
2026-10-08,ULE9xPbfKUM,0.23,1.7857
2026-10-08,ULE9xPbfKUM,0.24,1.7857
2026-10-08,ULE9xPbfKUM,0.25,1.7857
2026-10-08,ULE9xPbfKUM,0.26,1.7857
2026-10-08,ULE9xPbfKUM,0.27,1.7857
2026-10-08,ULE9xPbfKUM,0.28,1.7857
2026-10-08,ULE9xPbfKUM,0.29,1.7857
2026-10-08,ULE9xPbfKUM,0.3,1.6429
2026-10-08,ULE9xPbfKUM,0.31,1.5
2026-10-08,ULE9xPbfKUM,0.32,1.5
2026-10-08,ULE9xPbfKUM,0.33,1.5
2026-10-08,ULE9xPbfKUM,0.34,1.5
2026-10-08,ULE9xPbfKUM,0.35,1.5
2026-10-08,ULE9xPbfKUM,0.36,1.5
2026-10-08,ULE9xPbfKUM,0.37,1.5
2026-10-08,ULE9xPbfKUM,0.38,1.5
2026-10-08,ULE9xPbfKUM,0.39,1.5
2026-10-08,ULE9xPbfKUM,0.4,1.5
2026-10-08,ULE9xPbfKUM,0.41,1.4286
2026-10-08,ULE9xPbfKUM,0.42,1.4286
2026-10-08,ULE9xPbfKUM,0.43,1.4286
2026-10-08,ULE9xPbfKUM,0.44,1.3571
2026-10-08,ULE9xPbfKUM,0.45,1.3571
2026-10-08,ULE9xPbfKUM,0.46,1.3571
2026-10-08,ULE9xPbfKUM,0.47,1.3571
2026-10-08,ULE9xPbfKUM,0.48,1.3571
2026-10-08,ULE9xPbfKUM,0.49,1.3571
2026-10-08,ULE9xPbfKUM,0.5,1.3571
2026-10-08,ULE9xPbfKUM,0.51,1.3571
2026-10-08,ULE9xPbfKUM,0.52,1.3571
2026-10-08,ULE9xPbfKUM,0.53,1.3571
2026-10-08,ULE9xPbfKUM,0.54,1.2857
2026-10-08,ULE9xPbfKUM,0.55,1.2857
2026-10-08,ULE9xPbfKUM,0.56,1.2143
2026-10-08,ULE9xPbfKUM,0.57,1.2143
2026-10-08,ULE9xPbfKUM,0.58,1.2143
2026-10-08,ULE9xPbfKUM,0.59,1.2143
2026-10-08,ULE9xPbfKUM,0.6,1.1429
2026-10-08,ULE9xPbfKUM,0.61,1.1429
2026-10-08,ULE9xPbfKUM,0.62,1.1429
2026-10-08,ULE9xPbfKUM,0.63,1.1429
2026-10-08,ULE9xPbfKUM,0.64,1.1429
2026-10-08,ULE9xPbfKUM,0.65,1.1429
2026-10-08,ULE9xPbfKUM,0.66,1.1429
2026-10-08,ULE9xPbfKUM,0.67,1.1429
2026-10-08,ULE9xPbfKUM,0.68,1.1429
2026-10-08,ULE9xPbfKUM,0.69,1.1429
2026-10-08,ULE9xPbfKUM,0.7,1.1429
2026-10-08,ULE9xPbfKUM,0.71,1.1429
2026-10-08,ULE9xPbfKUM,0.72,1.1429
2026-10-08,ULE9xPbfKUM,0.73,1.1429
2026-10-08,ULE9xPbfKUM,0.74,1.1429
2026-10-08,ULE9xPbfKUM,0.75,1.1429
2026-10-08,ULE9xPbfKUM,0.76,1.1429
2026-10-08,ULE9xPbfKUM,0.77,1.1429
2026-10-08,ULE9xPbfKUM,0.78,1.1429
2026-10-08,ULE9xPbfKUM,0.79,1.1429
2026-10-08,ULE9xPbfKUM,0.8,1.1429
2026-10-08,ULE9xPbfKUM,0.81,1.1429
2026-10-08,ULE9xPbfKUM,0.82,1.1429
2026-10-08,ULE9xPbfKUM,0.83,1.1429
2026-10-08,ULE9xPbfKUM,0.84,1.1429
2026-10-08,ULE9xPbfKUM,0.85,1.1429
2026-10-08,ULE9xPbfKUM,0.86,1.0714
2026-10-08,ULE9xPbfKUM,0.87,1.0714
2026-10-08,ULE9xPbfKUM,0.88,1.0714
2026-10-08,ULE9xPbfKUM,0.89,1.0714
2026-10-08,ULE9xPbfKUM,0.9,1.0714
2026-10-08,ULE9xPbfKUM,0.91,1.0714
2026-10-08,ULE9xPbfKUM,0.92,1.0714
2026-10-08,ULE9xPbfKUM,0.93,1.0714
2026-10-08,ULE9xPbfKUM,0.94,0.9286
2026-10-08,ULE9xPbfKUM,0.95,0.9286
2026-10-08,ULE9xPbfKUM,0.96,0.9286
2026-10-08,ULE9xPbfKUM,0.97,0.9286
2026-10-08,ULE9xPbfKUM,0.98,0.9286
2026-10-08,ULE9xPbfKUM,0.99,0.9286
2026-10-08,ULE9xPbfKUM,1.0,0.9286
2026-10-08,J8mjLgRulz4,0.01,1.2
2026-10-08,J8mjLgRulz4,0.02,1.2
2026-10-08,J8mjLgRulz4,0.03,1.2
2026-10-08,J8mjLgRulz4,0.04,1.2
2026-10-08,J8mjLgRulz4,0.05,1.2
2026-10-08,J8mjLgRulz4,0.06,1.2
2026-10-08,J8mjLgRulz4,0.07,1.2
2026-10-08,J8mjLgRulz4,0.08,1.2
2026-10-08,J8mjLgRulz4,0.09,1.2
2026-10-08,J8mjLgRulz4,0.1,1.2
2026-10-08,J8mjLgRulz4,0.11,1.2
2026-10-08,J8mjLgRulz4,0.12,1.1333
2026-10-08,J8mjLgRulz4,0.13,1.1333
2026-10-08,J8mjLgRulz4,0.14,1.1333
2026-10-08,J8mjLgRulz4,0.15,1.1333
2026-10-08,J8mjLgRulz4,0.16,1.1333
2026-10-08,J8mjLgRulz4,0.17,1.1333
2026-10-08,J8mjLgRulz4,0.18,1.1333
2026-10-08,J8mjLgRulz4,0.19,1.1333
2026-10-08,J8mjLgRulz4,0.2,1.1333
2026-10-08,J8mjLgRulz4,0.21,1.1333
2026-10-08,J8mjLgRulz4,0.22,1.1333
2026-10-08,J8mjLgRulz4,0.23,1.1333
2026-10-08,J8mjLgRulz4,0.24,1.1333
2026-10-08,J8mjLgRulz4,0.25,1.1333
2026-10-08,J8mjLgRulz4,0.26,1.1333
2026-10-08,J8mjLgRulz4,0.27,1.1333
2026-10-08,J8mjLgRulz4,0.28,1.1333
2026-10-08,J8mjLgRulz4,0.29,1.1333
2026-10-08,J8mjLgRulz4,0.3,1.1333
2026-10-08,J8mjLgRulz4,0.31,1.1333
2026-10-08,J8mjLgRulz4,0.32,1.1333
2026-10-08,J8mjLgRulz4,0.33,1.1333
2026-10-08,J8mjLgRulz4,0.34,1.1333
2026-10-08,J8mjLgRulz4,0.35,0.9333
2026-10-08,J8mjLgRulz4,0.36,0.9333
2026-10-08,J8mjLgRulz4,0.37,0.8
2026-10-08,J8mjLgRulz4,0.38,0.8
2026-10-08,J8mjLgRulz4,0.39,0.8
2026-10-08,J8mjLgRulz4,0.4,0.8
2026-10-08,J8mjLgRulz4,0.41,0.7333
2026-10-08,J8mjLgRulz4,0.42,0.7333
2026-10-08,J8mjLgRulz4,0.43,0.7333
2026-10-08,J8mjLgRulz4,0.44,0.7333
2026-10-08,J8mjLgRulz4,0.45,0.7333
2026-10-08,J8mjLgRulz4,0.46,0.6667
2026-10-08,J8mjLgRulz4,0.47,0.6667
2026-10-08,J8mjLgRulz4,0.48,0.6667
2026-10-08,J8mjLgRulz4,0.49,0.6667
2026-10-08,J8mjLgRulz4,0.5,0.6667
2026-10-08,J8mjLgRulz4,0.51,0.6
2026-10-08,J8mjLgRulz4,0.52,0.6
2026-10-08,J8mjLgRulz4,0.53,0.6
2026-10-08,J8mjLgRulz4,0.54,0.6
2026-10-08,J8mjLgRulz4,0.55,0.6
2026-10-08,J8mjLgRulz4,0.56,0.6
2026-10-08,J8mjLgRulz4,0.57,0.6
2026-10-08,J8mjLgRulz4,0.58,0.6
2026-10-08,J8mjLgRulz4,0.59,0.5333
2026-10-08,J8mjLgRulz4,0.6,0.4
2026-10-08,J8mjLgRulz4,0.61,0.4
2026-10-08,J8mjLgRulz4,0.62,0.4
2026-10-08,J8mjLgRulz4,0.63,0.4
2026-10-08,J8mjLgRulz4,0.64,0.4
2026-10-08,J8mjLgRulz4,0.65,0.4
2026-10-08,J8mjLgRulz4,0.66,0.3333
2026-10-08,J8mjLgRulz4,0.67,0.3333
2026-10-08,J8mjLgRulz4,0.68,0.3333
2026-10-08,J8mjLgRulz4,0.69,0.3333
2026-10-08,J8mjLgRulz4,0.7,0.3333
2026-10-08,J8mjLgRulz4,0.71,0.3333
2026-10-08,J8mjLgRulz4,0.72,0.3333
2026-10-08,J8mjLgRulz4,0.73,0.3333
2026-10-08,J8mjLgRulz4,0.74,0.3333
2026-10-08,J8mjLgRulz4,0.75,0.2667
2026-10-08,J8mjLgRulz4,0.76,0.2667
2026-10-08,J8mjLgRulz4,0.77,0.2667
2026-10-08,J8mjLgRulz4,0.78,0.2667
2026-10-08,J8mjLgRulz4,0.79,0.2667
2026-10-08,J8mjLgRulz4,0.8,0.2667
2026-10-08,J8mjLgRulz4,0.81,0.2667
2026-10-08,J8mjLgRulz4,0.82,0.2667
2026-10-08,J8mjLgRulz4,0.83,0.2667
2026-10-08,J8mjLgRulz4,0.84,0.2667
2026-10-08,J8mjLgRulz4,0.85,0.2
2026-10-08,J8mjLgRulz4,0.86,0.2
2026-10-08,J8mjLgRulz4,0.87,0.2
2026-10-08,J8mjLgRulz4,0.88,0.2
2026-10-08,J8mjLgRulz4,0.89,0.2
2026-10-08,J8mjLgRulz4,0.9,0.2
2026-10-08,J8mjLgRulz4,0.91,0.2
2026-10-08,J8mjLgRulz4,0.92,0.2
2026-10-08,J8mjLgRulz4,0.93,0.2
2026-10-08,J8mjLgRulz4,0.94,0.2
2026-10-08,J8mjLgRulz4,0.95,0.2
2026-10-08,J8mjLgRulz4,0.96,0.2
2026-10-08,J8mjLgRulz4,0.97,0.2
2026-10-08,J8mjLgRulz4,0.98,0.2
2026-10-08,J8mjLgRulz4,0.99,0.2
2026-10-08,J8mjLgRulz4,1.0,0.2
2026-10-08,KDU9AdX2GpA,0.01,1.3846
2026-10-08,KDU9AdX2GpA,0.02,1.4615
2026-10-08,KDU9AdX2GpA,0.03,1.3846
2026-10-08,KDU9AdX2GpA,0.04,1.3846
2026-10-08,KDU9AdX2GpA,0.05,1.3846
2026-10-08,KDU9AdX2GpA,0.06,1.3846
2026-10-08,KDU9AdX2GpA,0.07,1.3846
2026-10-08,KDU9AdX2GpA,0.08,1.3077
2026-10-08,KDU9AdX2GpA,0.09,1.3077
2026-10-08,KDU9AdX2GpA,0.1,1.3077
2026-10-08,KDU9AdX2GpA,0.11,1.3077
2026-10-08,KDU9AdX2GpA,0.12,1.3077
2026-10-08,KDU9AdX2GpA,0.13,1.3077
2026-10-08,KDU9AdX2GpA,0.14,1.3077
2026-10-08,KDU9AdX2GpA,0.15,1.3077
2026-10-08,KDU9AdX2GpA,0.16,1.3077
2026-10-08,KDU9AdX2GpA,0.17,1.3077
2026-10-08,KDU9AdX2GpA,0.18,1.3077
2026-10-08,KDU9AdX2GpA,0.19,1.3077
2026-10-08,KDU9AdX2GpA,0.2,1.3077
2026-10-08,KDU9AdX2GpA,0.21,1.3077
2026-10-08,KDU9AdX2GpA,0.22,1.3077
2026-10-08,KDU9AdX2GpA,0.23,1.3077
2026-10-08,KDU9AdX2GpA,0.24,1.3077
2026-10-08,KDU9AdX2GpA,0.25,1.3077
2026-10-08,KDU9AdX2GpA,0.26,1.3077
2026-10-08,KDU9AdX2GpA,0.27,1.3077
2026-10-08,KDU9AdX2GpA,0.28,1.3077
2026-10-08,KDU9AdX2GpA,0.29,1.3077
2026-10-08,KDU9AdX2GpA,0.3,1.3077
2026-10-08,KDU9AdX2GpA,0.31,1.3077
2026-10-08,KDU9AdX2GpA,0.32,1.2308
2026-10-08,KDU9AdX2GpA,0.33,1.2308
2026-10-08,KDU9AdX2GpA,0.34,1.1538
2026-10-08,KDU9AdX2GpA,0.35,1.1538
2026-10-08,KDU9AdX2GpA,0.36,1.1538
2026-10-08,KDU9AdX2GpA,0.37,1.1538
2026-10-08,KDU9AdX2GpA,0.38,1.1538
2026-10-08,KDU9AdX2GpA,0.39,1.0
2026-10-08,KDU9AdX2GpA,0.4,0.9231
2026-10-08,KDU9AdX2GpA,0.41,0.8462
2026-10-08,KDU9AdX2GpA,0.42,0.8462
2026-10-08,KDU9AdX2GpA,0.43,0.8462
2026-10-08,KDU9AdX2GpA,0.44,0.6923
2026-10-08,KDU9AdX2GpA,0.45,0.6154
2026-10-08,KDU9AdX2GpA,0.46,0.6154
2026-10-08,KDU9AdX2GpA,0.47,0.6154
2026-10-08,KDU9AdX2GpA,0.48,0.6154
2026-10-08,KDU9AdX2GpA,0.49,0.6154
2026-10-08,KDU9AdX2GpA,0.5,0.6154
2026-10-08,KDU9AdX2GpA,0.51,0.6154
2026-10-08,KDU9AdX2GpA,0.52,0.6154
2026-10-08,KDU9AdX2GpA,0.53,0.6154
2026-10-08,KDU9AdX2GpA,0.54,0.6154
2026-10-08,KDU9AdX2GpA,0.55,0.6154
2026-10-08,KDU9AdX2GpA,0.56,0.6154
2026-10-08,KDU9AdX2GpA,0.57,0.6154
2026-10-08,KDU9AdX2GpA,0.58,0.6154
2026-10-08,KDU9AdX2GpA,0.59,0.6154
2026-10-08,KDU9AdX2GpA,0.6,0.6154
2026-10-08,KDU9AdX2GpA,0.61,0.6154
2026-10-08,KDU9AdX2GpA,0.62,0.6154
2026-10-08,KDU9AdX2GpA,0.63,0.6154
2026-10-08,KDU9AdX2GpA,0.64,0.6154
2026-10-08,KDU9AdX2GpA,0.65,0.6154
2026-10-08,KDU9AdX2GpA,0.66,0.6154
2026-10-08,KDU9AdX2GpA,0.67,0.6154
2026-10-08,KDU9AdX2GpA,0.68,0.6154
2026-10-08,KDU9AdX2GpA,0.69,0.6154
2026-10-08,KDU9AdX2GpA,0.7,0.6154
2026-10-08,KDU9AdX2GpA,0.71,0.6154
2026-10-08,KDU9AdX2GpA,0.72,0.6154
2026-10-08,KDU9AdX2GpA,0.73,0.6154
2026-10-08,KDU9AdX2GpA,0.74,0.6154
2026-10-08,KDU9AdX2GpA,0.75,0.6154
2026-10-08,KDU9AdX2GpA,0.76,0.6154
2026-10-08,KDU9AdX2GpA,0.77,0.6154
2026-10-08,KDU9AdX2GpA,0.78,0.5385
2026-10-08,KDU9AdX2GpA,0.79,0.5385
2026-10-08,KDU9AdX2GpA,0.8,0.5385
2026-10-08,KDU9AdX2GpA,0.81,0.4615
2026-10-08,KDU9AdX2GpA,0.82,0.4615
2026-10-08,KDU9AdX2GpA,0.83,0.4615
2026-10-08,KDU9AdX2GpA,0.84,0.4615
2026-10-08,KDU9AdX2GpA,0.85,0.4615
2026-10-08,KDU9AdX2GpA,0.86,0.4615
2026-10-08,KDU9AdX2GpA,0.87,0.4615
2026-10-08,KDU9AdX2GpA,0.88,0.4615
2026-10-08,KDU9AdX2GpA,0.89,0.4615
2026-10-08,KDU9AdX2GpA,0.9,0.4615
2026-10-08,KDU9AdX2GpA,0.91,0.4615
2026-10-08,KDU9AdX2GpA,0.92,0.3846
2026-10-08,KDU9AdX2GpA,0.93,0.3846
2026-10-08,KDU9AdX2GpA,0.94,0.3846
2026-10-08,KDU9AdX2GpA,0.95,0.3846
2026-10-08,KDU9AdX2GpA,0.96,0.3846
2026-10-08,KDU9AdX2GpA,0.97,0.3846
2026-10-08,KDU9AdX2GpA,0.98,0.3846
2026-10-08,KDU9AdX2GpA,0.99,0.3846
2026-10-08,KDU9AdX2GpA,1.0,0.3846
